INSERT INTO `Account` (`AccountID`, `Email`, `Password`, `Role`, `CreatedAt`) VALUES
(3, 'carol.williams@example.com', 'pass345', 'Customer', '2024-06-27'),
(4, 'david.brown@example.com', 'pass456', 'Customer', '2024-06-27'),
(5, 'eve.jones@example.com', 'pass567', 'Customer', '2024-06-27'),
(6, 'frank.garcia@example.com', 'pass678', 'Customer', '2024-06-27'),
(7, 'grace.martinez@example.com', 'pass789', 'Customer', '2024-06-27'),
(8, 'henry.davis@example.com', 'pass890', 'Customer', '2024-06-27'),
(9, 'ivy.rodriguez@example.com', 'pass901', 'Customer', '2024-06-27'),
(10, 'jack.martinez@example.com', 'pass012', 'Customer', '2024-06-27'),
(11, 'karen.lopez@example.com', 'pass123', 'Customer', '2024-06-27'),
(12, 'larry.wilson@example.com', 'pass234', 'Customer', '2024-06-27'),
(13, 'megan.clark@example.com', 'pass345', 'Customer', '2024-06-27'),
(14, 'nina.lewis@example.com', 'pass456', 'Customer', '2024-06-27'),
(15, 'oscar.robinson@example.com', 'pass567', 'Customer', '2024-06-27'),
(16, 'paul.walker@example.com', 'pass678', 'Customer', '2024-06-27'),
(17, 'quinn.young@example.com', 'pass789', 'Customer', '2024-06-27'),
(18, 'rick.hall@example.com', 'pass890', 'Customer', '2024-06-27'),
(19, 'sara.allen@example.com', 'pass901', 'Customer', '2024-06-27'),
(20, 'tom.king@example.com', 'pass012', 'Customer', '2024-06-27'),
(21, 'uma.scott@example.com', 'pass123', 'Customer', '2024-06-27'),
(22, 'vince.green@example.com', 'pass234', 'Customer', '2024-06-27'),
(23, 'wendy.adams@example.com', 'pass345', 'Customer', '2024-06-27'),
(24, 'xavier.baker@example.com', 'pass456', 'Customer', '2024-06-27'),
(25, 'yara.gonzalez@example.com', 'pass567', 'Customer', '2024-06-27'),
(26, 'zane.perez@example.com', 'pass678', 'Customer', '2024-06-27'),
(27, 'amy.mitchell@example.com', 'pass789', 'Customer', '2024-06-27'),
(28, 'brian.campbell@example.com', 'pass890', 'Customer', '2024-06-27'),
(29, 'chloe.morris@example.com', 'pass901', 'Customer', '2024-06-27'),
(30, 'dylan.murphy@example.com', 'pass012', 'Customer', '2024-06-27'),
(31, 'liam.johnson@example.com', 'pass123', 'Admin', '2024-06-27'),
(32, 'olivia.williams@example.com', 'pass234', 'Admin', '2024-06-27'),
(33, 'noah.brown@example.com', 'pass345', 'Admin', '2024-06-27'),
(34, 'emma.jones@example.com', 'pass456', 'Admin', '2024-06-27'),
(35, 'william.garcia@example.com', 'pass567', 'Admin', '2024-06-27'),
(36, 'ava.martinez@example.com', 'pass678', 'Admin', '2024-06-27'),
(37, 'james.rodriguez@example.com', 'pass789', 'Admin', '2024-06-27'),
(38, 'sophia.davis@example.com', 'pass890', 'Admin', '2024-06-27'),
(39, 'lucas.lopez@example.com', 'pass901', 'Admin', '2024-06-27'),
(40, 'mia.wilson@example.com', 'pass012', 'Admin', '2024-06-27'),
(41, 'benjamin.clark@example.com', 'pass123', 'Admin', '2024-06-27'),
(42, 'isabella.lewis@example.com', 'pass234', 'Admin', '2024-06-27'),
(43, 'mason.walker@example.com', 'pass345', 'Admin', '2024-06-27'),
(44, 'charlotte.hall@example.com', 'pass456', 'Admin', '2024-06-27'),
(45, 'elijah.allen@example.com', 'pass567', 'Admin', '2024-06-27'),
(46, 'amelia.young@example.com', 'pass678', 'Admin', '2024-06-27'),
(47, 'logan.hernandez@example.com', 'pass789', 'Admin', '2024-06-27'),
(48, 'harper.king@example.com', 'pass890', 'Admin', '2024-06-27'),
(49, 'ethan.wright@example.com', 'pass901', 'Admin', '2024-06-27'),
(50, 'evelyn.scott@example.com', 'pass012', 'Admin', '2024-06-27'),
(51, 'alexander.torres@example.com', 'pass123', 'Admin', '2024-06-27'),
(52, 'abigail.nguyen@example.com', 'pass234', 'Admin', '2024-06-27'),
(53, 'jackson.perez@example.com', 'pass345', 'Admin', '2024-06-27'),
(54, 'avery.baker@example.com', 'pass456', 'Admin', '2024-06-27'),
(55, 'sebastian.rivera@example.com', 'pass567', 'Admin', '2024-06-27'),
(56, 'ella.campbell@example.com', 'pass678', 'Admin', '2024-06-27'),
(57, 'daniel.mitchell@example.com', 'pass789', 'Admin', '2024-06-27'),
(58, 'scarlett.roberts@example.com', 'pass890', 'Admin', '2024-06-27'),
(59, 'henry.harris@example.com', 'pass901', 'Admin', '2024-06-27'),
(60, 'emily.nelson@example.com', 'pass012', 'Admin', '2024-06-27');

INSERT INTO `Address` (`AddressID`, `City`, `Barangay`, `Street`, `PostalCode`) VALUES
(3, 'Cebu', 'Mabolo', 'Third Street', '6002'),
(4, 'Cebu', 'Talamban', 'Fourth Street', '6003'),
(5, 'Cebu', 'Guadalupe', 'Fifth Street', '6004'),
(6, 'Cebu', 'Capitol Site', 'Sixth Street', '6005'),
(7, 'Cebu', 'Apas', 'Seventh Street', '6006'),
(8, 'Cebu', 'Kasambagan', 'Eighth Street', '6007'),
(9, 'Cebu', 'Banawa', 'Ninth Street', '6008'),
(10, 'Cebu', 'Pardo', 'Tenth Street', '6009'),
(11, 'Cebu', 'Tisa', 'Eleventh Street', '6010'),
(12, 'Cebu', 'Tabunok', 'Twelfth Street', '6011'),
(13, 'Cebu', 'Bulacao', 'Thirteenth Street', '6012'),
(14, 'Cebu', 'Minglanilla', 'Fourteenth Street', '6013'),
(15, 'Cebu', 'Naga', 'Fifteenth Street', '6014'),
(16, 'Cebu', 'Talisay', 'Sixteenth Street', '6015'),
(17, 'Cebu', 'Consolacion', 'Seventeenth Street', '6016'),
(18, 'Cebu', 'Liloan', 'Eighteenth Street', '6017'),
(19, 'Cebu', 'Cordova', 'Nineteenth Street', '6018'),
(20, 'Cebu', 'Compostela', 'Twentieth Street', '6019'),
(21, 'Cebu', 'Bogo', 'Twenty-first Street', '6020'),
(22, 'Cebu', 'San Fernando', 'Twenty-second Street', '6021'),
(23, 'Cebu', 'Carcar', 'Twenty-third Street', '6022'),
(24, 'Cebu', 'Dalaguete', 'Twenty-fourth Street', '6023'),
(25, 'Cebu', 'Sibonga', 'Twenty-fifth Street', '6024'),
(26, 'Cebu', 'Samboan', 'Twenty-sixth Street', '6025'),
(27, 'Cebu', 'Ginatilan', 'Twenty-seventh Street', '6026'),
(28, 'Cebu', 'Santander', 'Twenty-eighth Street', '6027'),
(29, 'Cebu', 'Moalboal', 'Twenty-ninth Street', '6028'),
(30, 'Cebu', 'Alegria', 'Thirtieth Street', '6029'),
(31, 'Cebu', 'Lahug', 'Maple Street', '6000'),
(32, 'Cebu', 'Banilad', 'Oak Street', '6001'),
(33, 'Cebu', 'Mabolo', 'Pine Street', '6002'),
(34, 'Cebu', 'Talamban', 'Cedar Street', '6003'),
(35, 'Cebu', 'Guadalupe', 'Birch Street', '6004'),
(36, 'Cebu', 'Capitol Site', 'Elm Street', '6005'),
(37, 'Cebu', 'Apas', 'Aspen Street', '6006'),
(38, 'Cebu', 'Kasambagan', 'Willow Street', '6007'),
(39, 'Cebu', 'Banawa', 'Cherry Street', '6008'),
(40, 'Cebu', 'Pardo', 'Poplar Street', '6009'),
(41, 'Cebu', 'Tisa', 'Maple Street', '6010'),
(42, 'Cebu', 'Tabunok', 'Oak Street', '6011'),
(43, 'Cebu', 'Bulacao', 'Pine Street', '6012'),
(44, 'Cebu', 'Minglanilla', 'Cedar Street', '6013'),
(45, 'Cebu', 'Naga', 'Birch Street', '6014'),
(46, 'Cebu', 'Talisay', 'Elm Street', '6015'),
(47, 'Cebu', 'Consolacion', 'Aspen Street', '6016'),
(48, 'Cebu', 'Liloan', 'Willow Street', '6017'),
(49, 'Cebu', 'Cordova', 'Cherry Street', '6018'),
(50, 'Cebu', 'Compostela', 'Poplar Street', '6019'),
(51, 'Cebu', 'Bogo', 'Maple Street', '6020'),
(52, 'Cebu', 'San Fernando', 'Oak Street', '6021'),
(53, 'Cebu', 'Carcar', 'Pine Street', '6022'),
(54, 'Cebu', 'Dalaguete', 'Cedar Street', '6023'),
(55, 'Cebu', 'Sibonga', 'Birch Street', '6024'),
(56, 'Cebu', 'Samboan', 'Elm Street', '6025'),
(57, 'Cebu', 'Ginatilan', 'Aspen Street', '6026'),
(58, 'Cebu', 'Santander', 'Willow Street', '6027'),
(59, 'Cebu', 'Moalboal', 'Cherry Street', '6028'),
(60, 'Cebu', 'Alegria', 'Poplar Street', '6029');

INSERT INTO `Name` (`NameID`, `FirstName`, `LastName`, `MiddleName`) VALUES
(3, 'Carol', 'Williams', 'Ann'),
(4, 'David', 'Brown', 'Lee'),
(5, 'Eve', 'Jones', 'Sue'),
(6, 'Frank', 'Garcia', 'Mark'),
(7, 'Grace', 'Martinez', 'Louise'),
(8, 'Henry', 'Davis', 'Paul'),
(9, 'Ivy', 'Rodriguez', 'Beth'),
(10, 'Jack', 'Martinez', 'Kyle'),
(11, 'Karen', 'Lopez', 'Diana'),
(12, 'Larry', 'Wilson', 'James'),
(13, 'Megan', 'Clark', 'Sarah'),
(14, 'Nina', 'Lewis', 'Jane'),
(15, 'Oscar', 'Robinson', 'Peter'),
(16, 'Paul', 'Walker', 'Chris'),
(17, 'Quinn', 'Young', 'Tina'),
(18, 'Rick', 'Hall', 'Tom'),
(19, 'Sara', 'Allen', 'Anna'),
(20, 'Tom', 'King', 'Bill'),
(21, 'Uma', 'Scott', 'Nina'),
(22, 'Vince', 'Green', 'Nick'),
(23, 'Wendy', 'Adams', 'Linda'),
(24, 'Xavier', 'Baker', 'Luke'),
(25, 'Yara', 'Gonzalez', 'Paula'),
(26, 'Zane', 'Perez', 'Joe'),
(27, 'Amy', 'Mitchell', 'Emily'),
(28, 'Brian', 'Campbell', 'George'),
(29, 'Chloe', 'Morris', 'Olivia'),
(30, 'Dylan', 'Murphy', 'Ryan'),
(31, 'Liam', 'Johnson', 'Matthew'),
(32, 'Olivia', 'Williams', 'Grace'),
(33, 'Noah', 'Brown', 'Henry'),
(34, 'Emma', 'Jones', 'Sophia'),
(35, 'William', 'Garcia', 'James'),
(36, 'Ava', 'Martinez', 'Ella'),
(37, 'James', 'Rodriguez', 'Alexander'),
(38, 'Sophia', 'Davis', 'Victoria'),
(39, 'Lucas', 'Lopez', 'Daniel'),
(40, 'Mia', 'Wilson', 'Harper'),
(41, 'Benjamin', 'Clark', 'Samuel'),
(42, 'Isabella', 'Lewis', 'Maya'),
(43, 'Mason', 'Walker', 'Andrew'),
(44, 'Charlotte', 'Hall', 'Lily'),
(45, 'Elijah', 'Allen', 'David'),
(46, 'Amelia', 'Young', 'Sofia'),
(47, 'Logan', 'Hernandez', 'Ryan'),
(48, 'Harper', 'King', 'Eleanor'),
(49, 'Ethan', 'Wright', 'Owen'),
(50, 'Evelyn', 'Scott', 'Hannah'),
(51, 'Alexander', 'Torres', 'Levi'),
(52, 'Abigail', 'Nguyen', 'Zoe'),
(53, 'Jackson', 'Perez', 'Sebastian'),
(54, 'Avery', 'Baker', 'Ella'),
(55, 'Sebastian', 'Rivera', 'Jack'),
(56, 'Ella', 'Campbell', 'Emily'),
(57, 'Daniel', 'Mitchell', 'William'),
(58, 'Scarlett', 'Roberts', 'Luna'),
(59, 'Henry', 'Harris', 'Benjamin'),
(60, 'Emily', 'Nelson', 'Nora');

INSERT INTO `Customers` (`CustomerID`, `BirthDate`, `PhoneNum`, `NameID`, `AddressID`, `AccountID`) VALUES
(2, '1985-03-22', '09180005678', 2, 2, 2),
(3, '1992-07-09', '09180009876', 3, 3, 3),
(4, '1988-12-30', '09180008765', 4, 4, 4),
(5, '1995-05-18', '09180007654', 5, 5, 5),
(6, '1982-10-25', '09180006543', 6, 6, 6),
(7, '1998-04-04', '09180005432', 7, 7, 7),
(8, '1993-09-17', '09180004321', 8, 8, 8),
(9, '1991-02-26', '09180003210', 9, 9, 9),
(10, '1986-11-14', '09180002109', 10, 10, 10),
(11, '1997-08-05', '09180001098', 11, 11, 11),
(12, '1983-06-21', '09180000987', 12, 12, 12),
(13, '1996-03-03', '09180000876', 13, 13, 13),
(14, '1989-07-27', '09180000765', 14, 14, 14),
(15, '1994-11-11', '09180000654', 15, 15, 15),
(16, '1987-01-19', '09180000543', 16, 16, 16),
(17, '1999-05-25', '09180000432', 17, 17, 17),
(18, '1990-10-12', '09180000321', 18, 18, 18),
(19, '1992-02-20', '09180000210', 19, 19, 19),
(20, '1995-06-13', '09180000109', 20, 20, 20),
(21, '1984-08-30', '09180000988', 21, 21, 21),
(22, '1998-12-09', '09180000877', 22, 22, 22),
(23, '1991-04-11', '09180000766', 23, 23, 23),
(24, '1985-09-29', '09180000655', 24, 24, 24),
(25, '1993-03-08', '09180000544', 25, 25, 25),
(26, '1987-10-15', '09180000433', 26, 26, 26),
(27, '1999-07-23', '09180000322', 27, 27, 27),
(28, '1990-12-01', '09180000211', 28, 28, 28),
(29, '1992-06-04', '09180000100', 29, 29, 29),
(30, '1995-11-22', '09180000999', 30, 30, 30);

INSERT INTO `Products` (`ProductID`, `ProductName`) VALUES
(1, 'Shampoo'),
(2, 'Conditioner'),
(3, 'Toothpaste'),
(4, 'Body Wash'),
(5, 'Hand Soap'),
(6, 'Lotion'),
(7, 'Face Wash'),
(8, 'Shaving Cream'),
(9, 'Hair Gel'),
(10, 'Deodorant'),
(11, 'Perfume'),
(12, 'Hand Sanitizer'),
(13, 'Body Scrub'),
(14, 'Lip Balm'),
(15, 'Sunscreen'),
(16, 'Hair Spray'),
(17, 'Bath Bomb'),
(18, 'Nail Polish'),
(19, 'Body Lotion'),
(20, 'Foot Cream'),
(21, 'Face Mask'),
(22, 'Eye Cream'),
(23, 'Beard Oil'),
(24, 'Foot Scrub'),
(25, 'Face Serum'),
(26, 'Hand Cream'),
(27, 'Body Oil'),
(28, 'Mouthwash'),
(29, 'Shaving Gel'),
(30, 'Bath Wash');

INSERT INTO `Variations` (`VariationID`, `VariationName`, `VariationDescription`, `VariationImage`, `MassInOZ`, `UnitPrice`, `InStock`, `ProductID`) VALUES
(1, 'Blue', 'Fresh Scent', 'shampoo_blue.jpg', 150, 10.00, 1, 1),
(2, 'White', 'Smooth and Silky', 'conditioner_white.jpg', 100, 10.00, 2, 2),
(3, 'Mint', 'Cool Mint', 'toothpaste_mint.jpg', 250, 10.00, 3, 3),
(4, 'Orange', 'Citrus Blast', 'bodywash_orange.jpg', 120, 10.00, 4, 4),
(5, 'Pink', 'Floral Essence', 'handsoap_pink.jpg', 300, 10.00, 5, 5),
(6, 'White', 'Moisturizing', 'lotion_white.jpg', 180, 10.00, 6, 6),
(7, 'Green', 'Aloe Vera', 'facewash_green.jpg', 200, 10.00, 7, 7),
(8, 'Yellow', 'Lemon Zest', 'shavingcream_yellow.jpg', 90, 10.00, 8, 8),
(9, 'Clear', 'Strong Hold', 'hairgel_clear.jpg', 80, 10.00, 9, 9),
(10, 'Blue', 'Ocean Breeze', 'deodorant_blue.jpg', 140, 10.00, 10, 10),
(11, 'Purple', 'Lavender Dream', 'perfume_purple.jpg', 75, 10.00, 11, 11),
(12, 'Clear', 'Antibacterial', 'handsanitizer_clear.jpg', 220, 10.00, 12, 12),
(13, 'Brown', 'Coffee Scrub', 'bodyscrub_brown.jpg', 110, 10.00, 13, 13),
(14, 'Red', 'Cherry Flavor', 'lipbalm_red.jpg', 130, 10.00, 14, 14),
(15, 'White', 'SPF 50', 'sunscreen_white.jpg', 60, 10.00, 15, 15),
(16, 'Silver', 'Extra Hold', 'hairspray_silver.jpg', 50, 10.00, 16, 16),
(17, 'Purple', 'Lavender Bliss', 'bathbomb_purple.jpg', 90, 10.00, 17, 17),
(18, 'Red', 'Glossy Finish', 'nailpolish_red.jpg', 70, 10.00, 18, 18),
(19, 'Yellow', 'Vitamin E', 'bodylotion_yellow.jpg', 180, 10.00, 19, 19),
(20, 'White', 'Peppermint', 'footcream_white.jpg', 110, 10.00, 20, 20),
(21, 'Green', 'Tea Tree', 'facemask_green.jpg', 140, 10.00, 21, 21),
(22, 'White', 'Anti-Aging', 'eyecream_white.jpg', 60, 10.00, 22, 22),
(23, 'Brown', 'Sandalwood', 'beardoil_brown.jpg', 100, 10.00, 23, 23),
(24, 'Pink', 'Rose Petal', 'footscrub_pink.jpg', 90, 10.00, 24, 24),
(25, 'Clear', 'Vitamin C', 'faceserum_clear.jpg', 150, 10.00, 25, 25),
(26, 'White', 'Shea Butter', 'handcream_white.jpg', 120, 10.00, 26, 26),
(27, 'Golden', 'Argan Oil', 'bodyoil_golden.jpg', 80, 10.00, 27, 27),
(28, 'Blue', 'Minty Fresh', 'mouthwash_blue.jpg', 210, 10.00, 28, 28),
(29, 'Blue', 'Cool Menthol', 'shavinggel_blue.jpg', 100, 10.00, 29, 29),
(30, 'Purple', 'Lavender Bliss', 'handsoap_purple.jpg', 300, 10.00, 30, 5);

INSERT INTO `Employees` (`EmployeeID`, `BirthDate`, `PhoneNum`, `NameID`, `AddressID`, `AccountID`) VALUES
(2, '1990-11-23', '09180001234', 32, 32, 32),
(3, '1987-04-19', '09180005678', 33, 33, 33),
(4, '1992-09-12', '09180009876', 34, 34, 34),
(5, '1989-01-30', '09180008765', 35, 35, 35),
(6, '1995-08-24', '09180007654', 36, 36, 36),
(7, '1983-02-18', '09180006543', 37, 37, 37),
(8, '1998-03-03', '09180005432', 38, 38, 38),
(9, '1986-07-07', '09180004321', 39, 39, 39),
(10, '1993-12-26', '09180003210', 40, 40, 40),
(11, '1984-05-14', '09180002109', 41, 41, 41),
(12, '1991-10-20', '09180001098', 42, 42, 42),
(13, '1982-03-29', '09180000987', 43, 43, 43),
(14, '1996-08-13', '09180000876', 44, 44, 44),
(15, '1988-02-02', '09180000765', 45, 45, 45),
(16, '1997-06-21', '09180000654', 46, 46, 46),
(17, '1994-01-11', '09180000543', 47, 47, 47),
(18, '1985-04-17', '09180000432', 48, 48, 48),
(19, '1990-09-28', '09180000321', 49, 49, 49),
(20, '1992-11-05', '09180000210', 50, 50, 50),
(21, '1986-05-15', '09180000109', 51, 51, 51),
(22, '1999-10-03', '09180000988', 52, 52, 52),
(23, '1991-07-19', '09180000877', 53, 53, 53),
(24, '1983-06-24', '09180000766', 54, 54, 54),
(25, '1989-03-08', '09180000655', 55, 55, 55),
(26, '1995-12-27', '09180000544', 56, 56, 56),
(27, '1990-08-22', '09180000433', 57, 57, 57),
(28, '1994-04-14', '09180000322', 58, 58, 58),
(29, '1982-11-01', '09180000211', 59, 59, 59),
(30, '1987-05-09', '09180000100', 60, 60, 60);

INSERT INTO `Orders` (`OrderID`, `OrderTime`, `OrderStatus`, `TotalPrice`, `CustomerID`) VALUES
(1, '2024-06-27 14:16:41', 'Pending', 10.00, 1),
(2, '2024-06-27 14:16:41', 'Pending', 20.00, 2),
(3, '2024-06-27 14:16:41', 'Pending', 30.00, 3),
(4, '2024-06-27 14:16:41', 'Pending', 40.00, 4),
(5, '2024-06-27 14:16:41', 'Pending', 50.00, 5),
(6, '2024-06-27 14:16:41', 'Pending', 60.00, 6),
(7, '2024-06-27 14:16:41', 'Pending', 70.00, 7),
(8, '2024-06-27 14:16:41', 'Failed', 80.00, 8),
(9, '2024-06-27 14:16:41', 'Failed', 90.00, 9),
(10, '2024-06-27 14:16:41', 'Failed', 100.00, 10),
(11, '2024-06-27 14:16:41', 'Failed', 110.00, 11),
(12, '2024-06-27 14:16:41', 'Failed', 120.00, 12),
(13, '2024-06-27 14:16:41', 'Failed', 130.00, 13),
(14, '2024-06-27 14:16:41', 'Failed', 140.00, 14),
(15, '2024-06-27 14:16:41', 'Pending', 150.00, 15),
(16, '2024-06-27 14:16:41', 'Pending', 160.00, 16),
(17, '2024-06-27 14:16:41', 'Pending', 170.00, 17),
(18, '2024-06-27 14:16:41', 'Pending', 180.00, 18),
(19, '2024-06-27 14:16:42', 'Pending', 190.00, 19),
(20, '2024-06-27 14:16:42', 'Pending', 200.00, 20),
(21, '2024-06-27 14:16:42', 'Success', 210.00, 21),
(22, '2024-06-27 14:16:42', 'Success', 220.00, 22),
(23, '2024-06-27 14:16:42', 'Success', 230.00, 23),
(24, '2024-06-27 14:16:42', 'Success', 240.00, 24),
(25, '2024-06-27 14:16:42', 'Pending', 250.00, 25),
(26, '2024-06-27 14:16:42', 'Pending', 260.00, 26),
(27, '2024-06-27 14:16:42', 'Pending', 270.00, 27),
(28, '2024-06-27 14:16:42', 'Pending', 280.00, 28),
(29, '2024-06-27 14:16:42', 'Pending', 290.00, 29),
(30, '2024-06-27 14:16:42', 'Pending', 300.00, 30);

INSERT INTO `Deliveries` (`DeliveryID`, `DeliveryTime`, `DeliveryStatus`, `TotalPrice`, `EmployeeID`, `OrderID`) VALUES
(1, '2024-06-27 14:16:41', 'Pending', 10.00, 1, 1),
(2, '2024-06-27 14:16:41', 'Pending', 20.00, 2, 1),
(3, '2024-06-27 14:16:41', 'Pending', 30.00, 3, 1),
(4, '2024-06-27 14:16:41', 'Success', 40.00, 4, 1),
(5, '2024-06-27 14:16:41', 'Success', 50.00, 5, 1),
(6, '2024-06-27 14:16:41', 'Success', 60.00, 6, 1),
(7, '2024-06-27 14:16:41', 'Success', 70.00, 7, 1),
(8, '2024-06-27 14:16:41', 'Success', 80.00, 8, 1),
(9, '2024-06-27 14:16:41', 'Pending', 90.00, 9, 1),
(10, '2024-06-27 14:16:41', 'Pending', 100.00, 10, 1),
(11, '2024-06-27 14:16:41', 'Pending', 110.00, 11, 1),
(12, '2024-06-27 14:16:41', 'Pending', 120.00, 12, 1),
(13, '2024-06-27 14:16:41', 'Pending', 130.00, 13, 1),
(14, '2024-06-27 14:16:41', 'Pending', 140.00, 14, 1),
(15, '2024-06-27 14:16:41', 'Pending', 150.00, 15, 1),
(16, '2024-06-27 14:16:41', 'Pending', 160.00, 16, 1),
(17, '2024-06-27 14:16:41', 'Pending', 170.00, 17, 1),
(18, '2024-06-27 14:16:42', 'Pending', 180.00, 18, 1),
(19, '2024-06-27 14:16:42', 'Pending', 190.00, 19, 1),
(20, '2024-06-27 14:16:42', 'Failed', 200.00, 20, 1),
(21, '2024-06-27 14:16:42', 'Failed', 210.00, 21, 1),
(22, '2024-06-27 14:16:42', 'Failed', 220.00, 22, 1),
(23, '2024-06-27 14:16:42', 'Failed', 230.00, 23, 1),
(24, '2024-06-27 14:16:42', 'Failed', 240.00, 24, 1),
(25, '2024-06-27 14:16:42', 'Failed', 250.00, 25, 1),
(26, '2024-06-27 14:16:42', 'Failed', 260.00, 26, 1),
(27, '2024-06-27 14:16:42', 'Failed', 270.00, 27, 1),
(28, '2024-06-27 14:16:42', 'Failed', 280.00, 28, 1),
(29, '2024-06-27 14:16:42', 'Pending', 290.00, 29, 1),
(30, '2024-06-27 14:16:42', 'Pending', 300.00, 30, 1);

INSERT INTO `OrderedProducts` (`OrderedProductID`, `OrderedQuantity`, `OrderID`, `VariationID`) VALUES
(1, 1, 1, 1),
(2, 1, 2, 2),
(3, 1, 3, 3),
(4, 1, 4, 4),
(5, 1, 5, 5),
(6, 1, 6, 6),
(7, 1, 7, 7),
(8, 1, 8, 8),
(9, 1, 9, 9),
(10, 1, 10, 10),
(11, 1, 11, 11),
(12, 1, 12, 12),
(13, 1, 13, 13),
(14, 1, 14, 14),
(15, 1, 15, 15),
(16, 1, 16, 16),
(17, 1, 17, 17),
(18, 1, 18, 18),
(19, 1, 19, 19),
(20, 1, 20, 20),
(21, 1, 21, 21),
(22, 1, 22, 22),
(23, 1, 23, 23),
(24, 1, 24, 24),
(25, 1, 25, 25),
(26, 1, 26, 26),
(27, 1, 27, 27),
(28, 1, 28, 28),
(29, 1, 29, 29),
(30, 1, 30, 30);

INSERT INTO `DeliveredProducts` (`DeliveredProductID`, `DeliveredQuantity`, `DeliveryID`, `VariationID`) VALUES
(1, 1, 1, 1),
(2, 2, 2, 2),
(3, 3, 3, 3),
(4, 4, 4, 4),
(5, 5, 5, 5),
(6, 6, 6, 6),
(7, 7, 7, 7),
(8, 8, 8, 8),
(9, 9, 9, 9),
(10, 10, 10, 10),
(11, 11, 11, 11),
(12, 12, 12, 12),
(13, 13, 13, 13),
(14, 14, 14, 14),
(15, 15, 15, 15),
(16, 16, 16, 16),
(17, 17, 17, 17),
(18, 18, 18, 18),
(19, 19, 19, 19),
(20, 20, 20, 20),
(21, 21, 21, 21),
(22, 22, 22, 22),
(23, 23, 23, 23),
(24, 24, 24, 24),
(25, 25, 25, 25),
(26, 26, 26, 26),
(27, 27, 27, 27),
(28, 28, 28, 28),
(29, 29, 29, 29),
(30, 30, 30, 30);